task_id,init_state_id,batch,env_slot,seed,steps,success_strict,success_official_mask,trace,trace_sha256
0,0,0,0,42,70,True,True,rollout_000.npz,ad150c1a9e18abb8b82102192c725e8bc2f87bdda7021485fc07d909c28a2efd
0,1,1,0,42,75,True,True,rollout_001.npz,80521c01bd5870bffbd696541598661f6357e01dcf64fb3e662a8eb4fdf7d65d
0,2,2,0,42,80,True,True,rollout_002.npz,2520b0d44993bc9b6413b0915c006460ea0826f57052c076d2b22d75599a6345
1,0,0,1,43,116,True,True,rollout_000.npz,ad150c1a9e18abb8b82102192c725e8bc2f87bdda7021485fc07d909c28a2efd
1,1,1,1,43,106,True,True,rollout_001.npz,80521c01bd5870bffbd696541598661f6357e01dcf64fb3e662a8eb4fdf7d65d
1,2,2,1,43,104,True,True,rollout_002.npz,2520b0d44993bc9b6413b0915c006460ea0826f57052c076d2b22d75599a6345
2,0,0,2,44,93,True,True,rollout_000.npz,ad150c1a9e18abb8b82102192c725e8bc2f87bdda7021485fc07d909c28a2efd
2,1,1,2,44,113,True,True,rollout_001.npz,80521c01bd5870bffbd696541598661f6357e01dcf64fb3e662a8eb4fdf7d65d
2,2,2,2,44,93,True,True,rollout_002.npz,2520b0d44993bc9b6413b0915c006460ea0826f57052c076d2b22d75599a6345
3,0,0,3,45,84,True,True,rollout_000.npz,ad150c1a9e18abb8b82102192c725e8bc2f87bdda7021485fc07d909c28a2efd
3,1,1,3,45,88,True,True,rollout_001.npz,80521c01bd5870bffbd696541598661f6357e01dcf64fb3e662a8eb4fdf7d65d
3,2,2,3,45,74,True,True,rollout_002.npz,2520b0d44993bc9b6413b0915c006460ea0826f57052c076d2b22d75599a6345
4,0,0,4,46,121,True,True,rollout_000.npz,ad150c1a9e18abb8b82102192c725e8bc2f87bdda7021485fc07d909c28a2efd
4,1,1,4,46,128,True,True,rollout_001.npz,80521c01bd5870bffbd696541598661f6357e01dcf64fb3e662a8eb4fdf7d65d
4,2,2,4,46,125,True,True,rollout_002.npz,2520b0d44993bc9b6413b0915c006460ea0826f57052c076d2b22d75599a6345
5,0,0,5,47,97,True,True,rollout_000.npz,ad150c1a9e18abb8b82102192c725e8bc2f87bdda7021485fc07d909c28a2efd
5,1,1,5,47,92,True,True,rollout_001.npz,80521c01bd5870bffbd696541598661f6357e01dcf64fb3e662a8eb4fdf7d65d
5,2,2,5,47,80,True,True,rollout_002.npz,2520b0d44993bc9b6413b0915c006460ea0826f57052c076d2b22d75599a6345
6,0,0,6,48,107,True,True,rollout_000.npz,ad150c1a9e18abb8b82102192c725e8bc2f87bdda7021485fc07d909c28a2efd
6,1,1,6,48,102,True,True,rollout_001.npz,80521c01bd5870bffbd696541598661f6357e01dcf64fb3e662a8eb4fdf7d65d
6,2,2,6,48,107,True,True,rollout_002.npz,2520b0d44993bc9b6413b0915c006460ea0826f57052c076d2b22d75599a6345
7,0,0,7,49,108,True,True,rollout_000.npz,ad150c1a9e18abb8b82102192c725e8bc2f87bdda7021485fc07d909c28a2efd
7,1,1,7,49,107,True,True,rollout_001.npz,80521c01bd5870bffbd696541598661f6357e01dcf64fb3e662a8eb4fdf7d65d
7,2,2,7,49,113,True,True,rollout_002.npz,2520b0d44993bc9b6413b0915c006460ea0826f57052c076d2b22d75599a6345
8,0,0,8,50,99,True,True,rollout_000.npz,ad150c1a9e18abb8b82102192c725e8bc2f87bdda7021485fc07d909c28a2efd
8,1,1,8,50,99,True,True,rollout_001.npz,80521c01bd5870bffbd696541598661f6357e01dcf64fb3e662a8eb4fdf7d65d
8,2,2,8,50,102,True,True,rollout_002.npz,2520b0d44993bc9b6413b0915c006460ea0826f57052c076d2b22d75599a6345
9,0,0,9,51,115,True,True,rollout_000.npz,ad150c1a9e18abb8b82102192c725e8bc2f87bdda7021485fc07d909c28a2efd
9,1,1,9,51,110,True,True,rollout_001.npz,80521c01bd5870bffbd696541598661f6357e01dcf64fb3e662a8eb4fdf7d65d
9,2,2,9,51,141,True,True,rollout_002.npz,2520b0d44993bc9b6413b0915c006460ea0826f57052c076d2b22d75599a6345
