horizon,method,episodes,expected_episodes,arm_complete,successes,success_rate,success_wilson95_low,success_wilson95_high,steps,vla_calls,nfe,calls_per_100_steps,prediction_seconds,gate_calls,gate_seconds,vla_plus_gate_seconds,episode_wall_seconds,simulated_seconds,native_generated_rows,unused_generated_rows,executed_rows_per_vla_call,generated_row_utilization,unused_fraction
50,smol70,30,30,True,13,0.43333333333333335,0.2737748557646652,0.6080269299918639,5192,362,3620,6.972265023112481,70.73137632850558,0,0,70.73137632850558,129.43144895555452,259.6,18100,12908,14.342541436464089,0.28685082872928175,0.7131491712707182
50,laya,30,30,True,13,0.43333333333333335,0.2737748557646652,0.6080269299918639,5192,362,3620,6.972265023112481,72.55863375030458,1013,45.00348424958065,117.56211799988523,178.43670716881752,259.6,18100,12908,14.342541436464089,0.28685082872928175,0.7131491712707182
50,naive_k5,30,30,True,16,0.5333333333333333,0.36142299619873297,0.6976761109230025,4840,991,9910,20.475206611570247,193.5539703546092,0,0,193.5539703546092,249.68505192175508,242.0,49550,44710,4.883955600403633,0.09767911200807265,0.9023208879919273
50,vlash_style_k5,30,30,True,15,0.5,0.33154125640533766,0.6684587435946623,4997,1005,10050,20.112067240344206,197.015492182225,0,0,197.015492182225,255.70317448768765,249.85,50250,45253,4.972139303482587,0.09944278606965175,0.9005572139303483
100,smol70,30,30,True,13,0.43333333333333335,0.2737748557646652,0.6080269299918639,5329,191,1910,3.5841621317320325,37.401286164764315,0,0,37.401286164764315,98.1769850323908,266.45,19100,13771,27.900523560209425,0.2790052356020942,0.7209947643979058
100,laya,30,30,True,13,0.43333333333333335,0.2737748557646652,0.6080269299918639,5329,191,1910,3.5841621317320325,38.184524501208216,1042,47.75459429156035,85.93911879276857,148.7252285196446,266.45,19100,13771,27.900523560209425,0.2790052356020942,0.7209947643979058
100,naive_k5,30,30,True,16,0.5333333333333333,0.36142299619873297,0.6976761109230025,4917,1007,10070,20.479967459833233,196.67422787239775,0,0,196.67422787239775,253.92717161448672,245.85,100700,95783,4.882820258192652,0.048828202581926515,0.9511717974180735
100,vlash_style_k5,30,30,True,13,0.43333333333333335,0.2737748557646652,0.6080269299918639,5281,1061,10610,20.090891876538535,206.98297201981768,0,0,206.98297201981768,268.99588648881763,264.05,106100,100819,4.9773798303487276,0.04977379830348728,0.9502262016965127
200,smol70,30,30,True,11,0.36666666666666664,0.21873920806100708,0.5448643634520511,5589,101,1010,1.8071211307926285,19.848549539223313,0,0,19.848549539223313,82.57391137536615,279.45,20200,14611,55.336633663366335,0.2766831683168317,0.7233168316831683
200,laya,30,30,True,11,0.36666666666666664,0.21873920806100708,0.5448643634520511,5589,101,1010,1.8071211307926285,20.364117218647152,1091,48.113028769847006,68.47714598849416,134.32469690032303,279.45,20200,14611,55.336633663366335,0.2766831683168317,0.7233168316831683
200,naive_k5,30,30,True,16,0.5333333333333333,0.36142299619873297,0.6976761109230025,4901,1003,10030,20.465211181391552,195.3237412427552,0,0,195.3237412427552,252.15585255715996,245.05,200600,195699,4.886340977068794,0.024431704885343967,0.975568295114656
200,vlash_style_k5,30,30,True,13,0.43333333333333335,0.2737748557646652,0.6080269299918639,5237,1053,10530,20.106931449303037,205.86285762488842,0,0,205.86285762488842,266.70001893490553,261.85,210600,205363,4.97340930674264,0.0248670465337132,0.9751329534662868
